{
  "typescript": {
    "500000": {
      "creation": {
        "tidy": 215.91666699999996,
        "arquero": 36.771833000000015,
        "ratio": 5.871795050303853
      },
      "filter": {
        "tidy": 7.7423855000000685,
        "arquero": 8.154072500000098,
        "ratio": 0.9495114864382155
      },
      "select": {
        "tidy": 0.044540999999753694,
        "arquero": 0.011750000000120053,
        "ratio": 3.790723404195626
      },
      "sort": {
        "tidy": 187.76405357142878,
        "arquero": 245.30278571428568,
        "ratio": 0.7654379179783362
      },
      "mutate": {
        "tidy": 3.107332999999926,
        "arquero": 9.120041000000128,
        "ratio": 0.34071480599702153
      },
      "distinct": {
        "tidy": 127.04175000000032,
        "arquero": 546.3194170000006,
        "ratio": 0.23254115824332888
      },
      "groupBy": {
        "tidy": 30.672658199999933,
        "arquero": 49.15400820000032,
        "ratio": 0.6240113334236644
      },
      "summarize": {
        "tidy": 184.08912500000042,
        "arquero": 49.03898950000075,
        "ratio": 3.7539338978426056
      },
      "innerJoin": {
        "tidy": 141.55704200000037,
        "arquero": 220.2714589999996,
        "ratio": 0.6426481335468914
      },
      "leftJoin": {
        "tidy": 228.71608299999934,
        "arquero": 257.52908300000126,
        "ratio": 0.8881174907922855
      },
      "outerJoin": {
        "tidy": 163.14041599999837,
        "arquero": 1184.9729999999981,
        "ratio": 0.13767437401527177
      },
      "pivotLonger": {
        "tidy": 160.76766599999974,
        "arquero": 238.69750000000204,
        "ratio": 0.6735205270268786
      },
      "pivotWider": {
        "tidy": 2.61699999999837,
        "arquero": 2.2109159999999974,
        "ratio": 1.18367228786547
      },
      "bindRows": {
        "tidy": 10.894791999999143,
        "arquero": 22.426041999999143,
        "ratio": 0.48580984553580875
      },
      "stats": {
        "tidy": 191.49545800000124,
        "arquero": 237.13837499999863,
        "ratio": 0.8075262302021018
      }
    }
  },
  "python": {
    "500000": {
      "creation": {
        "pandas": 666.9268340338022,
        "polars": 8.96633299998939,
        "ratio": 74.38122519368747
      },
      "filter": {
        "pandas": 1.9799580331891775,
        "polars": 0.48900023102760315,
        "ratio": 4.048992019959623
      },
      "select": {
        "pandas": 1.317082904279232,
        "polars": 0.03395811654627323,
        "ratio": 38.78551104224232
      },
      "sort": {
        "pandas": 171.51416056523365,
        "polars": 48.196541611105204,
        "ratio": 3.5586404092885
      },
      "mutate": {
        "pandas": 1.4619999565184116,
        "polars": 0.10866695083677769,
        "ratio": 13.453952147000027
      },
      "distinct": {
        "pandas": 40.5310420319438,
        "polars": 16.636792104691267,
        "ratio": 2.4362293990867863
      },
      "groupBy": {
        "pandas": 9.397342149168253,
        "polars": 2.152233151718974,
        "ratio": 4.366321623501924
      },
      "summarize": {
        "pandas": 6.456395902205259,
        "polars": 1.2261454248800874,
        "ratio": 5.265603713227304
      },
      "innerJoin": {
        "pandas": 33.89008319936693,
        "polars": 8.497500093653798,
        "ratio": 3.9882415799768114
      },
      "leftJoin": {
        "pandas": 39.3132499884814,
        "polars": 10.880458867177367,
        "ratio": 3.613197795092638
      },
      "outerJoin": {
        "pandas": 47.19874984584749,
        "polars": 23.32974993623793,
        "ratio": 2.0231142628980354
      },
      "pivotLonger": {
        "pandas": 64.68462501652539,
        "polars": 17.0240830630064,
        "ratio": 3.799595242641061
      },
      "pivotWider": {
        "pandas": 5.416375119239092,
        "polars": 2.543125068768859,
        "ratio": 2.129810753610002
      },
      "bindRows": {
        "pandas": 1.2299169320613146,
        "polars": 0.0677080824971199,
        "ratio": 18.164994291687872
      },
      "stats": {
        "pandas": 20.74554213322699,
        "polars": 4.426874918863177,
        "ratio": 4.686272486450656
      }
    }
  },
  "r": {
    "500000": {
      "creation": {
        "r": 0.0241,
        "ratio": 1
      },
      "filter": {
        "r": 4.4475,
        "ratio": 1
      },
      "select": {
        "r": 0.3698,
        "ratio": 1
      },
      "sort": {
        "r": 20.575,
        "ratio": 1
      },
      "mutate": {
        "r": 0.725,
        "ratio": 1
      },
      "distinct": {
        "r": 12.1529,
        "ratio": 1
      },
      "groupBy": {
        "r": 298.2121,
        "ratio": 1
      },
      "summarize": {
        "r": 6.2262,
        "ratio": 1
      },
      "innerJoin": {
        "r": 343.436,
        "ratio": 1
      },
      "leftJoin": {
        "r": 558.4209,
        "ratio": 1
      },
      "outerJoin": {
        "r": 550.3888,
        "ratio": 1
      },
      "pivotLonger": {
        "r": 37.746,
        "ratio": 1
      },
      "pivotWider": {
        "r": 2.2969,
        "ratio": 1
      },
      "bindRows": {
        "r": 33.344,
        "ratio": 1
      },
      "stats": {
        "r": 22.1939,
        "ratio": 1
      }
    }
  }
}
